===== Echipă =====

==== Titulari curs ====

  * **seria CA**: [[razvan.rughinis@cs.pub.ro|Răzvan Rughiniș]]
  * **seria CB**: [[mihai.carabas@cs.pub.ro|Mihai Carabaș]]
  * **seria CC**: [[razvan.deaconescu@cs.pub.ro|Răzvan Deaconescu]]
  * **seria CD**: [[alexandru.radovici@cs.pub.ro|Alexandru Radovici]]
  * **seria AC**: [[razvan.rughinis@cs.pub.ro|Răzvan Rughiniș]]



==== Asistenți ====

  * [[ andreea.mitran10@gmail.com | Andreea MITRAN ]]
  * [[ andrei.cos.martin@gmail.com | Andrei MARTIN ]]
  * [[ alex.fazakas97@gmail.com | Alexandru FAZAKAȘ ]]
  * [[ alicesuiu17@gmail.com | Alice ȘUIU ]]
  * [[ alexandru.radovici@cs.pub.ro | Alexandru RADOVICI ]]
  * [[ stoican.and@gmail.com | Andreea STOICAN ]]
  * [[ vaduva.jan.alexandru@gmail.com | Alexandru VĂDUVA ]]
  * [[ costin.carabas@cs.pub.ro | Costin CARABAȘ ]]
  * [[ cristianastan95@gmail.com | Cristiana STAN ]]
  * [[ elenamihailescu22@gmail.com | Elena MIHĂILESCU ]]
  * [[ ebru.resul.007@gmail.com | Ebru RESUL ]]
  * [[ edi33416@gmail.com | Eduard STĂNILOIU ]]
  * [[ oprea.fla.flavia@gmail.com | Flavia OPREA ]]
  * [[ giorgiana.vlasceanu@cs.pub.ro | Giorgiana VLĂSCEANU ]]
  * [[ iuliana.brinzoi@gmail.com | Iuliana BRÎNZOI ]]
  * [[ ioanaculic92@gmail.com | Ioana CULIC ]]
  * [[ lizzababu@gmail.com | Liza BABU ]]
  * [[ b12mihai@gmail.com | Mihai BĂRBULESCU ]]
  * [[ octavian.guzu@gmail.com | Octavian GUZU ]]
  * [[ roxanaradu995@gmail.com | Roxana RADU ]]
  * [[ stefanl.teodorescu@gmail.com | Ștefan TEODORESCU ]]
  * [[ sergiu121@gmail.com | Sergiu WEISZ ]]
  * [[ alexandru.vochescu@stud.acs.upb.ro | Alexandru VOCHESCU ]]
  * [[ vladmihaicorneci@gmail.com | Vlad CORNECI ]]
  * [[ adrianzatreanu1@gmail.com | Adrian ZĂTREANU ]]

==== Colaboratori ====

  * [[ andreia.ocanoaia@gmail.com | Andreia OCĂNOAIA ]]
  * [[ andrei_zafiu@yahoo.ca | Andrei ZAFIU ]]
  * [[ andramaria1997@yahoo.com | Andra DANCIU ]]
  * [[ vladstefandieaconu@gmail.com | Vlad-Ștefan DIEACONU ]]
  * [[ vlad.costache@ymail.com | Vlad COSTACHE ]]
  * [[ doringeman@gmail.com | Dorin Andrei GEMAN ]]
  * [[ cristianvijelie@gmail.com | Cristian VIJELIE ]]
  * [[ alexpavelm@gmail.com | Alexandru PAVEL ]]
  * [[ saftamailbox@yahoo.ro | Daniel SAFTA ]]
  * [[ catalinpuscoci@protonmail.com | Cătălin PUȘCOCI ]]
  * [[ chirita.alexandra.acs@gmail.com | Alexandra CHIRIȚĂ ]]
  * [[ stefaniridon@gmail.com | Ștefan IRIDON ]]
  * [[ lavinianedelea@yahoo.com | Lavinia NEDELEA ]]
  * [[ andre.nic10@yahoo.com | Andreea NICA ]]
  * [[ teodora.argintaru@gmail.com | Teodora ARGINTARU ]]
  * [[ andrei.grigoras2015@gmail.com | Andrei GRIGORAȘ ]]
  * [[ dragosmanolea@gmail.com | Dragoș MANOLEA ]]
  * [[ andrei.lazarescu00@stud.acs.upb.ro | Andrei LĂZĂRESCU ]]
  * [[ cristi.cretan0@gmail.com | Cristi CREȚAN ]]
  * [[ alinp2508@gmail.com | Alin PISICĂ ]]
  * [[ catanoiu.vlad@gmail.com  | Vlad-Alexandru CĂTĂNOIU ]]
  * [[ ioannanedelcu@gmail.com | Ioana NEDELCU ]]
  * [[ cosminalioanei99@yahoo.com | Cosmin ALIOANEI ]]
  * [[ tiberiu.celeapca@gmail.com | Tiberiu CELEAPCĂ  ]]
  * [[ alex.marian@outlook.com | Alexandru BUZĂ ]]
  * [[ patrudiana.georgiana@yahoo.com | Diana PĂTRU ]]
  * [[ anddor99@gmail.com | Andrei OPREA ]]
  * [[ maria_irina.gherman@stud.acs.upb.ro | Maria GHERMAN ]]
  * [[ tudorcosmin.visan@gmail.com | Cosmin VIȘAN ]]
  * [[ neacsubogdan95@gmail.com | Bogdan NEACȘU ]]
  * [[ tudor.george002@gmail.com | George TUDOR ]]
  * [[ radu.codescu27@gmail.com | Radu CODESCU ]]
  * [[ razvan.serban@wyliodrin.com | Răzvan ȘERBAN ]]
  * [[ alexandru.cmilitaru@gmail.com | Constantin-Alexandru MILITARU ]]
  * [[ dumitru.alexandru.1998@gmail.com | Calin Alexandru DUMITRU ]]
  * [[ cosmin.daniel.radu19@gmail.com | Cosmin RADU ]]
  * [[ moraruliviunicolae1@gmail.com | Liviu MORARU ]]
  * [[ ovidiu.stoica1094@gmail.com | Ovidiu STOICA ]]
  * [[ andreeamirescu@yahoo.com | Andreea MIRESCU ]]
  * [[ anamariamilcu@gmail.com | Ana-Maria MILCU ]]
  * [[ baronescu.robert@gmail.com | Robert BARONESCU ]]

